region,average_max_temperature,average_min_temperature
Northern Tallgrass prairie,,
Cuban wetlands,,
Chiquitano dry forests,,
Taiheiyo montane deciduous forests,,
Tigris-Euphrates alluvial salt marsh,,
Tasmanian Central Highland forests,,
Valdivian temperate forests,,
Nihonkai evergreen forests,,
Biak-Numfoor rain forests,,
Willamette Valley oak savanna,,
Corsican montane broadleaf and mixed forests,,
Western Himalayan broadleaf forests,,
South Deccan Plateau dry deciduous forests,,
Magellanic subpolar forests,,
New Zealand North Island temperate forests,,
Canary Islands dry woodlands and forests,,
Myanmar coastal rain forests,,
Hampton mallee and woodlands,,
Sumatran peat swamp forests,,
Northeast India-Myanmar pine forests,,
Northern Thailand-Laos moist deciduous forests,,
Sierra Madre del Sur pine-oak forests,,
Nenjiang River grassland,,
Northern Indochina subtropical forests,,
Interior Plateau US Hardwood Forests,,
Sierra Madre Oriental pine-oak forests,,
New Britain-New Ireland montane rain forests,,
Everglades flooded grasslands,,
Veracruz dry forests,,
Narmada Valley dry deciduous forests,,
